Province,BioNTech,Moderna,Total
Canada,1806864,630600,2437464
Newfoundland and Labrador,26520,7300,33820
Prince Edward Island,11115,3600,14715
Nova Scotia,47580,14400,61980
New Brunswick,36075,10700,46775
Quebec,404619,133200,537819
Ontario,698685,204600,903285
Manitoba,71760,28900,100660
Saskatchewan,58305,16300,74605
Alberta,208065,66900,274965
British Columbia,224140,79200,323340
Yukon,0,18900,18900
Northwest Territories,0,19100,19100
Nunavut,0,23900,23900
